-- TEST ROLE
INSERT INTO CORE_ROLE (C_GUID, C_OPLOCK, C_CREATIONDATE, C_CREATIONUSER, C_MODIFICATIONDATE, C_MODIFICATIONUSER, C_DELETED, C_EDITABLE, C_ENABLED, C_ID, C_NAME) VALUES ('58add233-d645-455c-bb01-7e01cd86a422', 0, '2013-01-30 07:58:18.763', '731ba36d-b1e2-45b2-9d9e-c07cf160fca8', '2013-01-30 07:58:18.763', '731ba36d-b1e2-45b2-9d9e-c07cf160fca8', false, true, true, 'test', 'Test role');
-- ADD TEST ROLE TO USER
INSERT INTO CORE_USER_ROLES (C_USER_ID, C_ROLE_ID) VALUES ('731ba36d-b1e2-45b2-9d9e-c07cf160fca8', '58add233-d645-455c-bb01-7e01cd86a422');

----------------------GROUP-----------------------------------------------------
-- GROUP ICON
INSERT INTO ST_DOCUMENT_CONTENT (C_GUID, C_OPLOCK, C_BYTES) VALUES ('914b4d91-01cd-4eb5-bbd2-96c9a9ff2242', 0, NULL);
INSERT INTO ST_DOCUMENT (C_GUID, C_OPLOCK, C_CONTENTSIZE, C_CONTENTTYPE, C_NAME, C_DOCUMENT_GUID) VALUES ('3f906e19-188e-4f2f-b0f5-0b627eb86f53', 0, 0, NULL, NULL, '914b4d91-01cd-4eb5-bbd2-96c9a9ff2242');

-- GROUP DESCRIPTION
INSERT INTO ST_DESCRIPTION (C_GUID, C_OPLOCK, C_LOCALE, C_VALUE) VALUES ('f76fa590-48dd-497d-905e-858a5f3b1990', 1, 'en', 'Group1 description');
INSERT INTO ST_DESCRIPTION (C_GUID, C_OPLOCK, C_LOCALE, C_VALUE) VALUES ('fdaf74c8-2ce0-485d-90e0-c373ef56bfd5', 1, 'en', 'Group1 Title');

-- GROUP
INSERT INTO ST_GROUP (C_GUID, C_OPLOCK, C_CREATIONDATE, C_CREATIONUSER, C_MODIFICATIONDATE, C_MODIFICATIONUSER, C_DELETED, C_ENABLED, C_NAME, C_ICON) VALUES ('6d5dc2eb-6d37-4fa6-9e02-145849e84991', 1, '2013-01-30 07:57:30.64', '731ba36d-b1e2-45b2-9d9e-c07cf160fca8', '2013-01-30 07:57:57.718', '731ba36d-b1e2-45b2-9d9e-c07cf160fca8', false, true, 'Group1', '3f906e19-188e-4f2f-b0f5-0b627eb86f53');
INSERT INTO ST_GROUP_TITLE (C_GROUP, C_DESCRIPTION, C_INDEX) VALUES ('6d5dc2eb-6d37-4fa6-9e02-145849e84991', 'fdaf74c8-2ce0-485d-90e0-c373ef56bfd5', 0);
INSERT INTO ST_GROUP_DESC (C_GROUP, C_DESCRIPTION, C_INDEX) VALUES ('6d5dc2eb-6d37-4fa6-9e02-145849e84991', 'f76fa590-48dd-497d-905e-858a5f3b1990', 0);

-- GROUP ROLE
INSERT INTO ST_GROUP_ROLE (C_GROUP_ID, C_ROLE_ID, C_INDEX) VALUES ('6d5dc2eb-6d37-4fa6-9e02-145849e84991', '58add233-d645-455c-bb01-7e01cd86a422', 0);

----------------------APPLICATION-----------------------------------------------
-- APP DESCRIPTION
INSERT INTO ST_DESCRIPTION (C_GUID, C_OPLOCK, C_LOCALE, C_VALUE) VALUES ('c287a480-f771-4d0d-a2ed-c0d205854894', 1, 'en', 'Application1 Description');
INSERT INTO ST_DESCRIPTION (C_GUID, C_OPLOCK, C_LOCALE, C_VALUE) VALUES ('59ae6a64-a731-403e-a17c-165a521b1ff1', 1, 'en', 'Application1 Title');
-- APPLICATION
INSERT INTO ST_APPLICATION (C_GUID, C_OPLOCK, C_CREATIONDATE, C_CREATIONUSER, C_MODIFICATIONDATE, C_MODIFICATIONUSER, C_DELETED, C_ENABLED, C_NAME, C_GROUP_GUID) VALUES ('b37ce386-7590-4cff-b5c1-4223e7386af9', 1, '2013-01-30 08:15:02.637', '731ba36d-b1e2-45b2-9d9e-c07cf160fca8', '2013-01-30 08:15:25.452', '731ba36d-b1e2-45b2-9d9e-c07cf160fca8', false, true, 'Application1', '6d5dc2eb-6d37-4fa6-9e02-145849e84991');
INSERT INTO ST_APP_DESC (C_APP, C_DESCRIPTION, C_INDEX) VALUES ('b37ce386-7590-4cff-b5c1-4223e7386af9', 'c287a480-f771-4d0d-a2ed-c0d205854894', 0);
INSERT INTO ST_APP_TITLE (C_APP, C_DESCRIPTION, C_INDEX) VALUES ('b37ce386-7590-4cff-b5c1-4223e7386af9', '59ae6a64-a731-403e-a17c-165a521b1ff1', 0);

-- APPLICATION ROLE
INSERT INTO ST_APP_ROLE (C_APP_ID, C_ROLE_ID, C_INDEX) VALUES ('b37ce386-7590-4cff-b5c1-4223e7386af9', '58add233-d645-455c-bb01-7e01cd86a422', 0);

-- APP PLATFORM ANDROID
INSERT INTO ST_DOCUMENT_CONTENT (C_GUID, C_OPLOCK, C_BYTES) VALUES ('99b738f8-1e86-47e5-9b9b-df490a1353d2', 0, NULL);
INSERT INTO ST_DOCUMENT (C_GUID, C_OPLOCK, C_CONTENTSIZE, C_CONTENTTYPE, C_NAME, C_DOCUMENT_GUID) VALUES ('99b9cd1d-e927-4b16-8fdc-7d2649b703b1', 0, 0, NULL, NULL, '99b738f8-1e86-47e5-9b9b-df490a1353d2');
INSERT INTO ST_DESCRIPTION (C_GUID, C_OPLOCK, C_LOCALE, C_VALUE) VALUES ('5daa75fd-0638-4421-bac3-1c7d375bf4c4', 0, 'en', 'Android description');
INSERT INTO ST_PLATFORM (C_GUID, C_OPLOCK, C_CREATIONDATE, C_CREATIONUSER, C_MODIFICATIONDATE, C_MODIFICATIONUSER, C_ENABLED, C_TYPE, C_APP_GUID, C_ICON, C_MANIFEST) VALUES ('51fa5b08-8dda-4a72-8f53-97839ef8ce7a', 0, '2013-01-30 08:15:02.673', '731ba36d-b1e2-45b2-9d9e-c07cf160fca8', '2013-01-30 08:15:02.673', '731ba36d-b1e2-45b2-9d9e-c07cf160fca8', false, 'ANDROID', 'b37ce386-7590-4cff-b5c1-4223e7386af9', '99b9cd1d-e927-4b16-8fdc-7d2649b703b1', NULL);
INSERT INTO ST_PLATFORM_DESC (C_PLATFORM, C_DESCRIPTION, C_INDEX) VALUES ('51fa5b08-8dda-4a72-8f53-97839ef8ce7a', '5daa75fd-0638-4421-bac3-1c7d375bf4c4', 0);
-- APP PLATFORM IOS
INSERT INTO ST_DOCUMENT_CONTENT (C_GUID, C_OPLOCK, C_BYTES) VALUES ('9be368fc-a27b-41f0-9048-c4bc196ebb24', 0, NULL);
INSERT INTO ST_DOCUMENT (C_GUID, C_OPLOCK, C_CONTENTSIZE, C_CONTENTTYPE, C_NAME, C_DOCUMENT_GUID) VALUES ('79d26c7b-83ae-468e-a734-8ec86495c79c', 0, 0, NULL, NULL, '9be368fc-a27b-41f0-9048-c4bc196ebb24');
INSERT INTO ST_DESCRIPTION (C_GUID, C_OPLOCK, C_LOCALE, C_VALUE) VALUES ('549e8e42-8e69-42ff-af28-a44c6b1d3c1e', 1, 'en', 'iOS Description');
INSERT INTO ST_DOCUMENT_CONTENT (C_GUID, C_OPLOCK, C_BYTES) VALUES ('7560a487-70bb-4d32-b1be-93b2e73c255f', 0, NULL);
INSERT INTO ST_DOCUMENT_CONTENT (C_GUID, C_OPLOCK, C_BYTES) VALUES ('36e73d74-200f-4b29-a906-c4694ea58c27', 0, NULL);
INSERT INTO ST_DOCUMENT (C_GUID, C_OPLOCK, C_CONTENTSIZE, C_CONTENTTYPE, C_NAME, C_DOCUMENT_GUID) VALUES ('c62d1a2b-e0e9-42a9-85ac-17ab30e3f391', 0, 0, NULL, NULL, '7560a487-70bb-4d32-b1be-93b2e73c255f');
INSERT INTO ST_DOCUMENT (C_GUID, C_OPLOCK, C_CONTENTSIZE, C_CONTENTTYPE, C_NAME, C_DOCUMENT_GUID) VALUES ('e30a3b97-5251-4344-a0d5-851418e378c7', 0, 0, NULL, NULL, '36e73d74-200f-4b29-a906-c4694ea58c27');
INSERT INTO ST_MANIFEST_IOS (C_GUID, C_OPLOCK, C_CREATIONDATE, C_CREATIONUSER, C_MODIFICATIONDATE, C_MODIFICATIONUSER, C_ICONSHINE, C_IDENTIFIER, C_LARGEICONSHINE, C_SUBTITLE, C_TITLE, C_LARGEICON, C_SMALLICON) VALUES ('13ede56c-9a89-475f-9e22-383239cf705a', 1, '2013-01-30 08:15:02.694', '731ba36d-b1e2-45b2-9d9e-c07cf160fca8', '2013-01-30 08:22:18.883', '731ba36d-b1e2-45b2-9d9e-c07cf160fca8', true, 'id', true, 'subtitle', 'title', 'c62d1a2b-e0e9-42a9-85ac-17ab30e3f391', 'e30a3b97-5251-4344-a0d5-851418e378c7');
INSERT INTO ST_PLATFORM (C_GUID, C_OPLOCK, C_CREATIONDATE, C_CREATIONUSER, C_MODIFICATIONDATE, C_MODIFICATIONUSER, C_ENABLED, C_TYPE, C_APP_GUID, C_ICON, C_MANIFEST) VALUES ('90a0db5d-4e27-46c3-b868-469f111073a2', 1, '2013-01-30 08:15:02.693', '731ba36d-b1e2-45b2-9d9e-c07cf160fca8', '2013-01-30 08:22:18.884', '731ba36d-b1e2-45b2-9d9e-c07cf160fca8', true, 'IOS', 'b37ce386-7590-4cff-b5c1-4223e7386af9', '79d26c7b-83ae-468e-a734-8ec86495c79c', '13ede56c-9a89-475f-9e22-383239cf705a');
INSERT INTO ST_PLATFORM_DESC (C_PLATFORM, C_DESCRIPTION, C_INDEX) VALUES ('90a0db5d-4e27-46c3-b868-469f111073a2', '549e8e42-8e69-42ff-af28-a44c6b1d3c1e', 0);

-- APP PLATFORM IOS VERSIONS
INSERT INTO ST_DOCUMENT_CONTENT (C_GUID, C_OPLOCK, C_BYTES) VALUES ('46b1ddaf-0c51-4930-be87-047fe605e40a', 0, NULL);
INSERT INTO ST_DOCUMENT_CONTENT (C_GUID, C_OPLOCK, C_BYTES) VALUES ('4a85eeec-c24c-4cbb-816d-8cab0b7a1692', 0, NULL);
INSERT INTO ST_DOCUMENT (C_GUID, C_OPLOCK, C_CONTENTSIZE, C_CONTENTTYPE, C_NAME, C_DOCUMENT_GUID) VALUES ('d259f19b-6116-45f6-8b97-42600e826a4b', 0, 0, NULL, NULL, '46b1ddaf-0c51-4930-be87-047fe605e40a');
INSERT INTO ST_DOCUMENT (C_GUID, C_OPLOCK, C_CONTENTSIZE, C_CONTENTTYPE, C_NAME, C_DOCUMENT_GUID) VALUES ('bc20698f-0867-43a8-ad9e-090edac01366', 0, 0, NULL, NULL, '4a85eeec-c24c-4cbb-816d-8cab0b7a1692');
INSERT INTO ST_DESCRIPTION (C_GUID, C_OPLOCK, C_LOCALE, C_VALUE) VALUES ('c5263603-0325-47dd-8281-f67704c71a1d', 0, 'en', '1.0.0 version description');
INSERT INTO ST_DESCRIPTION (C_GUID, C_OPLOCK, C_LOCALE, C_VALUE) VALUES ('ab6c9aeb-b937-4be9-b75f-5cfe470f94da', 0, 'en', '2.0.0 description');
INSERT INTO ST_VERSION (C_GUID, C_OPLOCK, C_CREATIONDATE, C_CREATIONUSER, C_MODIFICATIONDATE, C_MODIFICATIONUSER, C_DELETED, C_NAME, C_RELEASED, C_RELEASEDDATE, C_STATUS, C_DATA, C_PLATFORM_GUID) VALUES ('9686881c-09a5-4d6a-ac16-fc13be830348', 0, '2013-01-30 08:24:06.995', '731ba36d-b1e2-45b2-9d9e-c07cf160fca8', '2013-01-30 08:24:06.995', '731ba36d-b1e2-45b2-9d9e-c07cf160fca8', false, '1.0.0', false, NULL, NULL, 'd259f19b-6116-45f6-8b97-42600e826a4b', '90a0db5d-4e27-46c3-b868-469f111073a2');
INSERT INTO ST_VERSION (C_GUID, C_OPLOCK, C_CREATIONDATE, C_CREATIONUSER, C_MODIFICATIONDATE, C_MODIFICATIONUSER, C_DELETED, C_NAME, C_RELEASED, C_RELEASEDDATE, C_STATUS, C_DATA, C_PLATFORM_GUID) VALUES ('b3dd747f-3e91-4587-a3d4-3cd7ed9ec8ab', 0, '2013-01-30 08:24:21.055', '731ba36d-b1e2-45b2-9d9e-c07cf160fca8', '2013-01-30 08:24:21.055', '731ba36d-b1e2-45b2-9d9e-c07cf160fca8', false, '2.0.0', false, NULL, NULL, 'bc20698f-0867-43a8-ad9e-090edac01366', '90a0db5d-4e27-46c3-b868-469f111073a2');
INSERT INTO ST_VERSION_DESC (C_VERSION, C_DESCRIPTION, C_INDEX) VALUES ('9686881c-09a5-4d6a-ac16-fc13be830348', 'c5263603-0325-47dd-8281-f67704c71a1d', 0);
INSERT INTO ST_VERSION_DESC (C_VERSION, C_DESCRIPTION, C_INDEX) VALUES ('b3dd747f-3e91-4587-a3d4-3cd7ed9ec8ab', 'ab6c9aeb-b937-4be9-b75f-5cfe470f94da', 0);

-- APP PLATFORM WINDOWS
INSERT INTO ST_DOCUMENT_CONTENT (C_GUID, C_OPLOCK, C_BYTES) VALUES ('afd3c9c1-39d5-42e0-b2c2-509b5ecaa0c1', 0, NULL);
INSERT INTO ST_DOCUMENT (C_GUID, C_OPLOCK, C_CONTENTSIZE, C_CONTENTTYPE, C_NAME, C_DOCUMENT_GUID) VALUES ('cfc7c97c-ffb1-48db-8763-45f87fccf11f', 0, 0, NULL, NULL, 'afd3c9c1-39d5-42e0-b2c2-509b5ecaa0c1');
INSERT INTO ST_DESCRIPTION (C_GUID, C_OPLOCK, C_LOCALE, C_VALUE) VALUES ('9fcc124b-6256-43fb-9aa0-676d14f40c60', 0, 'en', 'Windows description');
INSERT INTO ST_PLATFORM (C_GUID, C_OPLOCK, C_CREATIONDATE, C_CREATIONUSER, C_MODIFICATIONDATE, C_MODIFICATIONUSER, C_ENABLED, C_TYPE, C_APP_GUID, C_ICON, C_MANIFEST) VALUES ('f0c25635-6e48-4910-972e-1123ede10baf', 0, '2013-01-30 08:15:02.703', '731ba36d-b1e2-45b2-9d9e-c07cf160fca8', '2013-01-30 08:15:02.703', '731ba36d-b1e2-45b2-9d9e-c07cf160fca8', false, 'WINDOWS8', 'b37ce386-7590-4cff-b5c1-4223e7386af9', 'cfc7c97c-ffb1-48db-8763-45f87fccf11f', NULL);
INSERT INTO ST_PLATFORM_DESC (C_PLATFORM, C_DESCRIPTION, C_INDEX) VALUES ('f0c25635-6e48-4910-972e-1123ede10baf', '9fcc124b-6256-43fb-9aa0-676d14f40c60', 0);






